{
  "name": "redoc",
  "bsc-flags": "-w -27-32 -g",
  "ocaml-flags": ["-g", "-bin-annot"],
  "warnings": {
    "number": "-40-6+7-26-27-32..39-28-44-45",
    "error": "+8"
  },
  "sources": [
    {"dir": "src", "subdirs": true},
    {"dir": "bin", "type": "dev"},
    "omd",
    "odoc_parser"
  ],
  "bs-dependencies": ["rex-json", "minimist.re", "pack.re"],
  "ocaml-dependencies": ["compiler-libs", "unix", "bigarray", "str"],
  "public": ["Main"],
  "entries": [{
    "backend": "native",
    "main-module": "Bin"
  }, {
    "backend": "native",
    "main-module": "Tests"
  }, {
    "backend": "native",
    "main-module": "Descartes"
  }],
  "refmt": 3
}
